4.7.2018	20:12:00	 0' Hallo liebe Fußballfreunde! Ich melde mich aus Dortmund, dem Austragungsort des Halbfinal-Knallers bei dieser WM zwischen dem deutschen Team und Italien. Im Vorfeld dieses Klassikers gab es bereits mächtig Unruhe und Ungereimtheiten... #GERITA06		51.5136	7.4653
4.7.2018	20:13:00	 0' #GERITA06 Zunächst gab es in der Berichterstattung beider Länder einige Irritationen; Deutschlands bekanntestes Nachrichtenmagazin musste tatsächlich einen ursprünglich ironisch und nicht ganz ernst gemeinten Bericht von seiner Homepage nehmen und ein italienischer Fernsehsender wies die FIFA sogar auf einen vermeintlichen Faustschlag bei dem Gerangel nach dem Viertelfinale gegen Argentinien von Torsten Frings hin...		51.5136	7.4653
4.7.2018	20:14:00	 0' #GERITA06 Die FIFA-Disziplinarkommission sah es nach dem Studium der ihr zugespielten neuen Fernsehaufnahmen und mehrerer Anhörungen als erwiesen an, dass der deutsche Nationalspieler in einer Massenrangelei den Argentinier Julio Cruz mit der Faust ins Gesicht geschlagen hatte. Somit fehlt unser wichtiger Staubsauger und Mittelfeldmotor morgen leider im Klassiker gegen die 'Squadra Azzurra'!		51.5136	7.4653
4.7.2018	20:15:00	 0' #GERITA06 Somit wird entweder der Dortmunder Sebastian Kehl, der im heimischen Stadion auf besondere Unterstützung hoffen könnte, den klassischen 'Sechser' vor der Abwehr geben, oder aber der Bremer Stratege Tim Borowski. Der großgewachsene Mittelfeldmann von Werder hat sich im Turnierverlauf bislang mit konstant exzellenten Leistungen für die Startelf empfohlen und könnte für den gesperrten 'Lutscher', wie Frings von seinen Teamkameraden liebevoll genannt wird, ins Team rücken...		51.5136	7.4653
4.7.2018	20:16:00	 0' #GERITA06 Aber auch die 'Azzurri' müssen im Duell mit den Deutschen auf einen ganz wichtigen Mann verzichten, denn Abwehrchef Allesandro Nesta hat sich immer noch nicht von seiner Verletzung aus der Vorrunde erholt und wird definitiv nicht zur Verfügung stehen. Für ihn wird wahrscheinlich wieder Marco Materazzi, der nach abgesessener Rot-Sperre wieder in die Mannschaft zurückrotiert, den vakanten Posten in der italienischen Innenverteidigung übernehmen.		51.5136	7.4653
4.7.2018	20:17:00	 0' #GERITA06 Tja Leute, jetzt geht es wirklich ums Eingemachte, denn der Gewinner dieser Partie erfüllt sich den Riesentraum und rückt vor ins WM-Finale von Berlin!!! Wir drücken unseren Jungs natürlich ganz feste die Daumen und verweisen schon einmal auf unseren Live-Ticker aus Dortmund, den ihr unbedingt einschaltet solltet, wenn ihr nichts verpassen wollt! Wir sind schon mächtig aufgeregt und freuen uns wie Bolle auf diesen Knaller - Bis morgen!		51.5136	7.4653
4.7.2018	20:18:00	 0' Willkommen in Dortmund. Noch 90 Minuten bis zum Spiel. #GERITA06		51.5136	7.4653
4.7.2018	20:19:00	 0' Die deutschen Spieler sind auf dem Feld - noch in Trainingsanzügen. Im Stadion läuft dazu "Schwarz und weiß". #GERITA06		51.5136	7.4653
4.7.2018	20:20:00	 0' Die Spieler wirken derzeit sehr locker. #GERITA06		51.5136	7.4653
4.7.2018	20:21:00	 0' #GERITA06 Mit Spannung wird derzeit die Aufstellung erwartet. Wer ersetzt den gesperrten Frings? Erster Kandidat sicherlich Sebastian Kehl, für den es ein Heimspiel wäre. Doch auch Tim Borowski steht zur Auswahl. Seit heute Nachmittag macht das Gerücht die Runde, dass Kehl und Borowski hinter Ballack spielen sollen. Möglicherweise müsste Basti Schweinsteiger dafür weichen. Warten wirs ab.		51.5136	7.4653
4.7.2018	20:22:00	 0' Die Gerüchte scheinen sich zu verdichten. Kehl wird Frings ersetzen und Borowski soll auf der linken Seite die Position von Schweinsteiger einnehmen. #GERITA06		51.5136	7.4653
4.7.2018	20:23:00	 0' Die Aufstellung steht fest. Es spielt das gleiche Team wie gegen Argentinien - mit zwei Veränderungen. Sebastian Kehl wird auf der "6er" Position spielen und Thorsten Frings ersetzen. Borowski soll für Schweinsteiger spielen. #GERITA06		51.5136	7.4653
4.7.2018	20:24:00	 0' Es ist heiß in Dortmund. 31 Grad. Doch die Fans stört es nicht. Rund 200.000 sollen nach Dortmund gekommen sein, um in der Stadt zu feiern. #GERITA06		51.5136	7.4653
4.7.2018	20:25:00	 0' Richtig heiß wird es in knapp 60 Minuten. Dann startet das erste Halbfinale der WM 2006 zwischen Deutschland und Italien. #GERITA06		51.5136	7.4653
4.7.2018	20:26:00	 0' Vor dem Spiel was für die Statistikfans. #GERITA06		51.5136	7.4653
4.7.2018	20:27:00	 0' 4. Juli 1954 Deutschland wird Weltmeister. 4. Juli 1990 Deutschland besiegt England im Halbfinale und wird später Weltmeister. 4. Juli 2006 Deutschland trifft im Halbfinale auf Italien. #GERITA06		51.5136	7.4653
4.7.2018	20:28:00	 0' Das wars aber noch nicht. Deutschland hat noch nie ein Länderspiel in Dortmund verloren. Italien hat allerdings noch nie ein Spiel bei einer WM oder EM gegen Deutschland verloren. #GERITA06		51.5136	7.4653
4.7.2018	20:29:00	 0' Und dann gibt es noch die Legende "Wer Argentinien schlägt, wird Weltmeister". #GERITA06		51.5136	7.4653
4.7.2018	20:30:00	 0' Eine Serie davon wird reißen. Welche hält wissen wir nach dem Spiel. Wir drücken den Deutschen die Daumen! #GERITA06		51.5136	7.4653
4.7.2018	20:31:00	 0' Noch 45 Minuten. Die Spannung steigt immer mehr. #GERITA06		51.5136	7.4653
4.7.2018	20:32:00	 0' Das Stadion ist schon gut gefüllt und die Fans feiern sich. Klare Vorteile für Deutschland auf den Rängen. #GERITA06		51.5136	7.4653
4.7.2018	20:33:00	 0' Die deutschen Spieler machen sich unter dem Jubel der Fans warm. #GERITA06		51.5136	7.4653
4.7.2018	20:34:00	 0' Das Stadion ist natürlich ausverkauft. Wen wundert's... #GERITA06		51.5136	7.4653
4.7.2018	20:35:00	 0' Noch eine halbe Stunde bis zum Anstoß im Hexenkessel Dortmund. #GERITA06		51.5136	7.4653
4.7.2018	20:36:00	 0' Italien spielt gewohnt defensiv. Der einzige Stürmer ist wie gewohnt Luca Toni. Hiner ihm spiel Francesco Totti. #GERITA06		51.5136	7.4653
4.7.2018	20:37:00	 0' Italien hat 23 Spiele in Folge nicht verloren. Aber das wird heute nichts zählen. "Jetzt erst recht", lautet das Motto des deutschen Teams für heute. #GERITA06		51.5136	7.4653
4.7.2018	20:38:00	 0' Wer das Spiel gegen die Ukraine gesehen hat, der weiß, dass die italienische Defensive nicht unüberwindbar ist. Die Ukraine hat nur vergessen, diese Chancen zu nutzen. Hoffentlich machen Klinsis Jungs das heute besser. #GERITA06		51.5136	7.4653
4.7.2018	20:39:00	 0' Die deutschen Spieler verlassen nun den Platz und gehen in die Kabinen. Noch 20 Minuten. #GERITA06		51.5136	7.4653
4.7.2018	20:40:00	 0' Angela Merkel ist auch im Stadion. Im grünen Oberteil. Grün - Farbe der Hoffnung. Natürlich die Hoffnung auf den Finaleinzug. #GERITA06		51.5136	7.4653
4.7.2018	20:41:00	 0' Noch 15 Minuten. #GERITA06		51.5136	7.4653
4.7.2018	20:42:00	 0' 65.000 im Stadion. Und gefühlte 60.000 sind für Deutschland. Das wird ein absolutes Heimspiel. #GERITA06		51.5136	7.4653
4.7.2018	20:43:00	 0' Der Countdown läuft. 10 Minuten noch. Die Stimmung brodelt. #GERITA06		51.5136	7.4653
4.7.2018	20:44:00	 0' Die deutschen Spieler tauchen nun im Tunnel auf. #GERITA06		51.5136	7.4653
4.7.2018	20:45:00	 0' "Deutschland, Deutschland", ertönt immer wieder im Stadion. #GERITA06		51.5136	7.4653
4.7.2018	20:46:00	 0' "Unsere Welle trägt Euch ins Finale", heißt es auf einem Transparent. #GERITA06		51.5136	7.4653
4.7.2018	20:47:00	 0' "Berlin, Berlin, wir fahren nach Berlin" #GERITA06		51.5136	7.4653
4.7.2018	20:48:00	 0' Gespanntes Warten auf die Teams. #GERITA06		51.5136	7.4653
4.7.2018	20:49:00	 0' Die FIFA-Fahnen werden ins Stadion getragen. Jetzt sind es nur noch wenige Augenblicke... #GERITA06		51.5136	7.4653
4.7.2018	20:50:00	 0' Da sind sie! Die beiden Teams betreten den Rasen! #GERITA06		51.5136	7.4653
4.7.2018	20:51:00	 0' Die italienische Hymne. #GERITA06		51.5136	7.4653
4.7.2018	20:52:00	 0' Und nun aufstehen und mitsingen. Die deutsche Hymne. #GERITA06		51.5136	7.4653
4.7.2018	20:53:00	 0' Gänsehaut! Hier singt jeder mit. #GERITA06		51.5136	7.4653
4.7.2018	20:54:00	 0' Unglaublicher Applaus im Stadion. Die italienische Hymne wurde mit Pfiffen bedacht - sicherlich wegen der Sperre für Frings. #GERITA06		51.5136	7.4653
4.7.2018	20:55:00	 0' Das Vorgeplänkel ist vorbei. In wenigen Minuten ist alles Gerede egal. Dann zählt nur noch die Leistung auf dem Platz. #GERITA06		51.5136	7.4653
4.7.2018	20:56:00	 0' "Berlin, Berlin, wir fahren nach Berlin", tönt es von den Rängen. Wird das der Song des Abends? #GERITA06		51.5136	7.4653
4.7.2018	20:57:00	 0' Die Italiener klatschen alle noch einmal untereinander ab. #GERITA06		51.5136	7.4653
4.7.2018	20:58:00	 0' Deutschland wird anstoßen. #GERITA06		51.5136	7.4653
4.7.2018	20:59:00	 0' Es geht los. #GERITA06		51.5136	7.4653
4.7.2018	21:00:10	 1' Spielbeginn #GERITA06		51.5136	7.4653
4.7.2018	21:00:20	 1' Was die Zuschauer wollen ist klar: "Auf geht's Deutschland, schießt ein Tor." #GERITA06		51.5136	7.4653
4.7.2018	21:00:30	 1' Die Italiener werden am Ball gnadenlos ausgepfiffen. #GERITA06		51.5136	7.4653
4.7.2018	21:01:10	 2' Hier versteht man sein eigenes Wort nicht mehr. Die Stimmung ist der Wahnsinn. #GERITA06		51.5136	7.4653
4.7.2018	21:03:10	 4' Lächerlich. Totti mit einem Freistoß aus über 30 Metern direkt aufs Tor. Da kann Lehmann nur lachen. #GERITA06		51.5136	7.4653
4.7.2018	21:04:10	 5' Rückpass auf Lehmann. Der wartet zu lange und schießt dann einen Italiener an. Glück, dass der Ball zur Außenlinie fliegt. Das war eng. #GERITA06		51.5136	7.4653
4.7.2018	21:05:10	 6' Freistoß Deutschland. Halblinks. geschätzt 35 Meter. #GERITA06		51.5136	7.4653
4.7.2018	21:05:20	 6' Auf Schneider in den 16er, aber der verliert den Ball. #GERITA06		51.5136	7.4653
4.7.2018	21:06:10	 7' Klose liegt am Boden. #GERITA06		51.5136	7.4653
4.7.2018	21:06:20	 7' Er steht wieder. Es sah schlimmer aus als es war. #GERITA06		51.5136	7.4653
4.7.2018	21:07:10	 8' Klose setzt sich auf links gegen zwei Gegner durch. Dann der Pass auf Podolski. Der legt auf Ballack ab. Drüber aus rund 30 Metern. #GERITA06		51.5136	7.4653
4.7.2018	21:10:10	 11' Guter Angriff der Italiener über die linke Seite. Doch Lahm klärt vor Camoranesi. #GERITA06		51.5136	7.4653
4.7.2018	21:10:20	 11' Erster Eckball des Spiels für Italien. #GERITA06		51.5136	7.4653
4.7.2018	21:10:30	 11' Totti mit der Ecke. Lehmann rutscht aus. #GERITA06		51.5136	7.4653
4.7.2018	21:10:40	 11' Mertesacker kann klären. #GERITA06		51.5136	7.4653
4.7.2018	21:10:50	 11' Das hätte ins Auge gehen können. #GERITA06		51.5136	7.4653
4.7.2018	21:11:00	 11' Hier kann alles passieren. Beide Teams stehend KO. #GERITA06		51.5136	7.4653
4.7.2018	21:12:10	 13' Super Pass von Ballack auf Podolski. Der schießt aus 16 Metern, aber Cannavaro schmeißt sich in den Schuß. #GERITA06		51.5136	7.4653
4.7.2018	21:14:10	 15' Bisher noch keine echte Torchance. Aber das war bei den beiden sehr gut stehenden Abwehrreihen auch nicht zu erwarten. Die Deutschen sind sehr aggressiv und gut in den Zweikämpfen. #GERITA06		51.5136	7.4653
4.7.2018	21:14:20	 15' Super Flanke auf Podolski, der lässt auf Klose abtropfen. Doch einen Schritt zu spät. #GERITA06		51.5136	7.4653
4.7.2018	21:15:10	 16' Ballack im Strafraum. Er fordert Elfmeter - wie das Stadion. Perrotta mit der Hand am Ball? #GERITA06		51.5136	7.4653
4.7.2018	21:15:20	 16' Gegenzug Italien. Perrotta alleine vor Lehmann. Der verkürzt den Winkel. Gehalten. #GERITA06		51.5136	7.4653
4.7.2018	21:15:30	 16' Jetzt geht's hier rund. #GERITA06		51.5136	7.4653
4.7.2018	21:16:10	 17' Borowski schießt aus 16 Metern vom linken Strafraumeck. Abgewehrt. Ecke. #GERITA06		51.5136	7.4653
4.7.2018	21:17:10	 18' Diese bringt nichts ein. Einwurf Italien. #GERITA06		51.5136	7.4653
4.7.2018	21:18:10	 19' Sprechchöre für Thorsten Frings. #GERITA06		51.5136	7.4653
4.7.2018	21:19:10	 20' Canavaro kommt vor Poldi an den Ball. Der wäre sonst im 16er gut positioniert gewesen. #GERITA06		51.5136	7.4653
4.7.2018	21:20:10	 21' Langer Ball der Italiener. Lehmann bleibt auf der Linie. Mertesacker rechnet mit ihm Missverständnis. Aber dann kommt Lehmann doch raus. #GERITA06		51.5136	7.4653
4.7.2018	21:21:10	 22' Flanke von links auf Podolski. Der nimmt den Ball Volley. Drüber. #GERITA06		51.5136	7.4653
4.7.2018	21:21:20	 22' Poldi heizt die Fans noch weiter an. Die geben aber schon alles. #GERITA06		51.5136	7.4653
4.7.2018	21:22:10	 23' "Steht auf, wenn ihr Deutsche seid." Und das ganze Stadion steht. #GERITA06		51.5136	7.4653
4.7.2018	21:23:10	 24' Foul Borowski an Zambrotta. Freistoß von halbrechts aus rund 35 Metern. #GERITA06		51.5136	7.4653
4.7.2018	21:23:20	 24' Materazzi köpft über das Tor. #GERITA06		51.5136	7.4653
4.7.2018	21:23:30	 24' Lehmann redet auf Ballack ein. Der war wohl für Materazzi zuständig. #GERITA06		51.5136	7.4653
4.7.2018	21:25:10	 26' Schweden lieferte die Möbel, Argentinien die Steaks. Und Italien? "Ihr seid nur ein Pizza-Lieferant", wissen die deutschen Fans. #GERITA06		51.5136	7.4653
4.7.2018	21:27:10	 28' Klinsmann nutzt seine Coachingzone voll aus und gibt den Spielern immer wieder Anweisungen. Er fiebert genauso mit wie wir auf der Tribüne. #GERITA06		51.5136	7.4653
4.7.2018	21:28:10	 29' Jetzt wirds gefährlich. Lahm foult Camoranesi an der rechten Seite. Freistoß aus knapp 19 Metern. #GERITA06		51.5136	7.4653
4.7.2018	21:28:20	 29' Totti kommt an den Ball. Aber Klose schmeißt sich in den Schuß. Sonst wäre es gefährlich geworden. #GERITA06		51.5136	7.4653
4.7.2018	21:29:10	 30' Rossi setzt sich auf links durch. Pass in die Mitte. Metzelder ist da. #GERITA06		51.5136	7.4653
4.7.2018	21:29:20	 30' Die Italiener sind besser im Spiel und wirken gefährlicher. Die Deutschen kommen nicht zu Chancen. Das wird ganz hart. #GERITA06		51.5136	7.4653
4.7.2018	21:30:10	 31' So wird's gemacht. Eckball Grossi - Lehmann fängt die Kirsche locker runter. #GERITA06		51.5136	7.4653
4.7.2018	21:32:10	 33' Wieder Ecke Italien. #GERITA06		51.5136	7.4653
4.7.2018	21:32:20	 33' Wieder Lehmann. Sauber! #GERITA06		51.5136	7.4653
4.7.2018	21:33:10	 34' Mach es Schneider.... #GERITA06		51.5136	7.4653
4.7.2018	21:33:20	 34' Drüber. #GERITA06		51.5136	7.4653
4.7.2018	21:33:30	 34' Klose am Ball. Pass auf die rechte Seite zu Schneider. Der aus 16 Metern frei vor Buffon. Drüber. #GERITA06		51.5136	7.4653
4.7.2018	21:33:40	 34' Ein Torjäger wird Schneider nicht mehr. Das hätte das 1:0 sein müssen. #GERITA06		51.5136	7.4653
4.7.2018	21:35:10	 36' Klose flankt von der linken Seite. Schneider völlig frei. Er versucht es direkt... und verfehlt den Ball. #GERITA06		51.5136	7.4653
4.7.2018	21:37:10	 38' Freistoß Italien von der Eckfahne nach Foul von Ballack. #GERITA06		51.5136	7.4653
4.7.2018	21:37:20	 38' Ecke oder Freistoß von gleicher Position. Egal. Keine Gefahr. #GERITA06		51.5136	7.4653
4.7.2018	21:38:10	 39' Klose wird von Cannavaro an der Mittellinie von hinten umgegrätscht. Der Schiri lässt laufen. Das hätte die Gelbe Karte sein müssen. #GERITA06		51.5136	7.4653
4.7.2018	21:39:10	 40' Die deutschen Angriffe enden am 16er der Italiener. Da stehen gleich 8, 9 Spieler. #GERITA06		51.5136	7.4653
4.7.2018	21:39:20	 40' gelbe Karte Deutschland -> Tim Borowski #GERITA06		51.5136	7.4653
4.7.2018	21:39:30	 40' Borowski foult Totti an der Mittellinie. Die gleiche Aktion wie Cannavaro an Klose. Diesmal zieht der Schiri die Gelbe Karte. #GERITA06		51.5136	7.4653
4.7.2018	21:39:40	 40' Definitiv ein hartes Foul, aber da hätte Cannavaro auch den gelben Karton sehen müssen. #GERITA06		51.5136	7.4653
4.7.2018	21:39:50	 40' Die Zuschauer sehen es genauso und kommentieren die Karte mit "Schieber, Schieber"-Rufen. #GERITA06		51.5136	7.4653
4.7.2018	21:42:10	 43' Ermahnung für Lehmann, dass er nicht auf Zeit spielen solle. Unnötig. #GERITA06		51.5136	7.4653
4.7.2018	21:43:10	 44' Totti springt beim Kopfballduell von hinten in Ballack. Und das am Mittelkreis. Es wird deutlich hitziger. #GERITA06		51.5136	7.4653
4.7.2018	21:44:10	 45' Eine Minute Nachspielzeit angezeigt. #GERITA06		51.5136	7.4653
4.7.2018	21:44:20	 45' Borowski schickt Poldi, aber Buffon ist draußen und hat den Ball. #GERITA06		51.5136	7.4653
4.7.2018	21:44:30	 45' Ende 1. Halbzeit #GERITA06		51.5136	7.4653
4.7.2018	21:44:40	 45' Bisher fehlt die Bindung zwischen Mittelfeld und Sturm bei den deutschen. Italien wirkt gefährlicher ohne wirklich zwingend zu sein. Kein gutes, aber ein spannendes Spiel. Und Tore sind garantiert. Notfalls im Elfmeterschießen. #GERITA06		51.5136	7.4653
4.7.2018	21:44:50	 45' In 20 Spielen unter Jürgen Klinsmann hat Deutschland bisher immer getroffen und mindestens ein Tor erzählt. Dafür sind jetzt 45 Minuten Zeit. #GERITA06		51.5136	7.4653
4.7.2018	22:00:10	 46' Anpfiff 2. Halbzeit #GERITA06		51.5136	7.4653
4.7.2018	22:00:20	 46' Weiter geht's. Beide Teams sind unverändert zurückgekommen. #GERITA06		51.5136	7.4653
4.7.2018	22:00:30	 46' Die Fans sind sofort wieder hellwach. #GERITA06		51.5136	7.4653
4.7.2018	22:02:10	 48' Neuville, Schweinsteiger und Odonkor beginnen, sich aufzuwärmen. #GERITA06		51.5136	7.4653
4.7.2018	22:02:20	 48' Das wäre ein Spiel für Neuville, den Mann für die späten Tore... #GERITA06		51.5136	7.4653
4.7.2018	22:04:10	 50' Klose marschiert alleine. Gegen einen. Gegen zwei. Schneider rechts frei. Klose machts alleine. Buffon ist da. #GERITA06		51.5136	7.4653
4.7.2018	22:04:20	 50' Und wieder der Gegenzug. Grosso alleine vor Lehmann, der ist wieder da. Vorher aber Abseits gepfiffen. #GERITA06		51.5136	7.4653
4.7.2018	22:04:30	 50' Weltklasse von Lehmann. #GERITA06		51.5136	7.4653
4.7.2018	22:07:10	 53' Die deutsche Elf versucht es jetzt spielerisch. Weniger hohe und lange Bälle, dafür Kurzpassspiel. #GERITA06		51.5136	7.4653
4.7.2018	22:08:10	 54' Ecke Italien. Und? Klar. Lehmann ist da! #GERITA06		51.5136	7.4653
4.7.2018	22:08:20	 54' Die deutschen Spieler wirken in den Zweikämpfen noch engagierter. Da scheint Klinsmann in der Halbzeit klare Worte gesprochen zu haben. #GERITA06		51.5136	7.4653
4.7.2018	22:09:10	 55' Borowski mal mit einem Fernschuß. Erfolglos. #GERITA06		51.5136	7.4653
4.7.2018	22:10:10	 56' gelbe Karte Deutschland -> Christoph Metzelder #GERITA06		51.5136	7.4653
4.7.2018	22:10:20	 56' Metzelder von hinten gegen Luca Toni auf Höhe des Mittelkreises. Gelb. Kann man geben, muss man aber nicht. #GERITA06		51.5136	7.4653
4.7.2018	22:13:10	 59' Die deutschen lassen den Ball laufen und versuchen die Lücke zu finden. Italien nur noch mit langen Bällen. Klare Konsequenz daraus, dass die deutsche Elf deutlich engagierter zu Werke geht. #GERITA06		51.5136	7.4653
4.7.2018	22:17:10	 63' Dar war sie. Die Lücke und die Chance. #GERITA06		51.5136	7.4653
4.7.2018	22:17:20	 63' Schneider auf rechts spielt mit links auf Poldi, der am Fünfer steht. Schnelle Drehung und guter Schuß, aber Buffon ist da. #GERITA06		51.5136	7.4653
4.7.2018	22:17:30	 63' Buffon bisher erst einmal bei dieser WM überwunden - und das vom eigenen Mann. #GERITA06		51.5136	7.4653
4.7.2018	22:21:10	 67' Die Italiener wirken gerade nicht sehr frisch und sehr unkonzentriert. #GERITA06		51.5136	7.4653
4.7.2018	22:21:20	 67' Schneider immer stärker. Er macht zum dritten Mal Totti nass. Klasse Spiel des Leverkuseners. Nur bei seiner Torchance fehlte ihm das Glück. #GERITA06		51.5136	7.4653
4.7.2018	22:22:10	 68' "Lukas Podolski"-Sprechchöre im Stadion. #GERITA06		51.5136	7.4653
4.7.2018	22:22:20	 68' Super Angriff. Ballack auf links zu Boro. Der ist völlig frei. Wartet zu lange. Sein Pass in die Mitte misslingt. Da hätter er schon schießen müssen. #GERITA06		51.5136	7.4653
4.7.2018	22:23:10	 69' Doppelpass Fridrich-Ballack-Friedrich. Stürmerfoul Friderich. schade. Super gespielt. #GERITA06		51.5136	7.4653
4.7.2018	22:24:10	 70' Schweini wird wohl kommen. Er zupft sich die Stutzen zurecht. #GERITA06		51.5136	7.4653
4.7.2018	22:24:20	 70' Noch 20 Minuten. Man kann die Spannung förmlich greifen. #GERITA06		51.5136	7.4653
4.7.2018	22:26:10	 72' Gattuso liegt nach einem Zusammenprall mit Kehl am Boden. Kann aber weitermachen. #GERITA06		51.5136	7.4653
4.7.2018	22:26:20	 72' Auswechslung bei Deutschland -> Tim Borowski #GERITA06		51.5136	7.4653
4.7.2018	22:26:30	 72' Einwechslung bei Deutschland -> Bastian Schweinsteiger #GERITA06		51.5136	7.4653
4.7.2018	22:26:40	 72' Boro geht und Schweini kommt. Strakes Spiel des Bremers. Was kann Schweini jetzt für das Spiel tun? Er dürfte motiviert sein nachdem er erstmals nicht von Beginn an gespielt hat. #GERITA06		51.5136	7.4653
4.7.2018	22:28:10	 74' Auswechslung bei Italien -> Luca Toni #GERITA06		51.5136	7.4653
4.7.2018	22:28:20	 74' Einwechslung bei Italien -> Alberto Gilardino #GERITA06		51.5136	7.4653
4.7.2018	22:28:30	 74' Luco Toni geht raus. Er sah gegen die Verteidiger keinen Stich. Nun kommt mit Gilardino ein neuer Mann, der sonst für den AC Mailand auf Tore Jagd geht. #GERITA06		51.5136	7.4653
4.7.2018	22:29:10	 75' "Ihr seid nur ein Pizza-Lieferant" - das wird der Hit des Abends. #GERITA06		51.5136	7.4653
4.7.2018	22:29:20	 75' Und da ist Giklardino - im Abseits. #GERITA06		51.5136	7.4653
4.7.2018	22:30:10	 76' Gute Flanke Zambrotta von rechts. Kehl klärt zur Ecke. #GERITA06		51.5136	7.4653
4.7.2018	22:31:10	 77' Da ist er wieder. Lehmann! #GERITA06		51.5136	7.4653
4.7.2018	22:31:20	 77' Mit Ecken reißen die Italiener hier gar nichts! #GERITA06		51.5136	7.4653
4.7.2018	22:32:10	 78' Pirlo aus 35 Metern. Leichte Beute für Lehmann. Italien wirkt ideenlos. #GERITA06		51.5136	7.4653
4.7.2018	22:35:10	 81' Freistoß Deutschland. Zentral vor dem Tor. #GERITA06		51.5136	7.4653
4.7.2018	22:35:20	 81' Der Ball liegt einen Meter vor der Strafraumgrenze. #GERITA06		51.5136	7.4653
4.7.2018	22:36:10	 82' Ballack. Über die Mauer und rechts über das Tor. #GERITA06		51.5136	7.4653
4.7.2018	22:36:20	 82' Odonkor steht bereit... #GERITA06		51.5136	7.4653
4.7.2018	22:37:10	 83' Auswechslung bei Deutschland -> Bernd Schneider #GERITA06		51.5136	7.4653
4.7.2018	22:37:20	 83' Einwechslung bei Deutschland -> David Odonkor #GERITA06		51.5136	7.4653
4.7.2018	22:37:30	 83' #GERITA06 Schneider hat ein starkes Spiel gemacht. Für ihn kommt nun Odonkor. Heimspiel für ihn. Er war schon an zwei Toren beteiligt. Gegen Polen gab er in der Nachspielzeit die Vorlage für Neuville und gegen Argentinien erkämpfte er den Ball, denn am Ende Klose im Tor unterbrachte.		51.5136	7.4653
4.7.2018	22:39:10	 85' Lehmann in allerhöchster Not. Pass auf Perrotta. Kein Abseits. Lehmann dazwischen. Perrotta bleibt liegen. #GERITA06		51.5136	7.4653
4.7.2018	22:40:10	 86' Perrotta steht wieder. #GERITA06		51.5136	7.4653
4.7.2018	22:40:20	 86' Lehmann macht alles richtig und rettet im letzten Moment. Das wäre es sonst gewesen. #GERITA06		51.5136	7.4653
4.7.2018	22:41:10	 87' Neuville steht bereit. Der Mann für die späten Tore. Auch heute? #GERITA06		51.5136	7.4653
4.7.2018	22:42:10	 88' Man mag nicht hinsehen. Was für ein Krimi... #GERITA06		51.5136	7.4653
4.7.2018	22:43:10	 89' Gilardino bekommt den Ball am 16er. Aber wieder Lahm. Der Bayern-Spieler geute überragend in der Defensive. #GERITA06		51.5136	7.4653
4.7.2018	22:44:10	 90' gelbe Karte Italien -> Mauro Camoranesi #GERITA06		51.5136	7.4653
4.7.2018	22:44:20	 90' Camoranesi verliert den Ball und tritt dann nach. Zurecht die Gelbe Karte. #GERITA06		51.5136	7.4653
4.7.2018	22:44:30	 90' Freistoß Deutschland. Fast an der linken Eckfahne. #GERITA06		51.5136	7.4653
4.7.2018	22:44:40	 90' Drei Minuten Nachspielzeit. #GERITA06		51.5136	7.4653
4.7.2018	22:44:50	 90' Schweinsteiger auf Kehl. Der verlängert den Ball ins Nichts. Abstoß. #GERITA06		51.5136	7.4653
4.7.2018	22:45:00	 90' Flanke Odonkor. Aber Freund und Feind segeln vorbei. Schade. #GERITA06		51.5136	7.4653
4.7.2018	22:45:10	 90' Ende 2. Halbzeit #GERITA06		51.5136	7.4653
4.7.2018	22:45:20	 90' Die 90 Minuten sind um. Es gibt Verlängerung. #GERITA06		51.5136	7.4653
4.7.2018	22:45:30	 90' Das Spiel ist unglaublich intensiv. Beide fighten. Die Abwehrreihen stehen gut. Was soll man sagen? Mehr Spannung geht nicht. #GERITA06		51.5136	7.4653
4.7.2018	22:45:40	 90' Die Zuschauer sind kurz ruhig geworden. Jetzt sind sie wieder da. #GERITA06		51.5136	7.4653
4.7.2018	22:45:50	 90' Die Spieler machen sich bereit für die Verlängerung. #GERITA06		51.5136	7.4653
4.7.2018	22:45:10	 91' Anpfiff 1. Halbzeit Verlängerung #GERITA06		51.5136	7.4653
4.7.2018	22:45:20	 91' Pfosten!!! #GERITA06		51.5136	7.4653
4.7.2018	22:45:30	 91' Gilardino tänzelt die rechte Außenlinie zum Tor entlang. Schuß aus kurzer Distanz an den Pfosten. #GERITA06		51.5136	7.4653
4.7.2018	22:45:40	 91' Das hätte nach 40 Sekunden das 1:0 für Italien sein können. #GERITA06		51.5136	7.4653
4.7.2018	22:46:10	 92' Eckball Italien. #GERITA06		51.5136	7.4653
4.7.2018	22:46:20	 92' Der Ball kommt zu Zambrotta. Der aus 20 Metern an die Latte. #GERITA06		51.5136	7.4653
4.7.2018	22:46:30	 92' Was passiert hier gerade? Die Deutschen wirken nicht wach. #GERITA06		51.5136	7.4653
4.7.2018	22:48:10	 94' Wieder Ecke Italien. #GERITA06		51.5136	7.4653
4.7.2018	22:48:20	 94' Immer wieder Lahm, der hinten klärt. #GERITA06		51.5136	7.4653
4.7.2018	22:48:30	 94' Pirlo auf Canavaro. Ungefährlich und deutlich vorbei. #GERITA06		51.5136	7.4653
4.7.2018	22:48:40	 94' Jetzt müssen sich die deutschen Spieler sortieren. #GERITA06		51.5136	7.4653
4.7.2018	22:49:10	 95' Von den Rängen erklingt das bekannte "Sieg" #GERITA06		51.5136	7.4653
4.7.2018	22:49:20	 95' Zambrotta foult Lahm auf Höhe der rechten Eckfahne. Freistoß. #GERITA06		51.5136	7.4653
4.7.2018	22:50:10	 96' Scheinsteiger schießt Pirlo an. Eckball. #GERITA06		51.5136	7.4653
4.7.2018	22:50:20	 96' Wieder Schweinsteiger. #GERITA06		51.5136	7.4653
4.7.2018	22:50:30	 96' Der Ball trudelt durch den 16er. Keiner kommt ran. Gute Ecke - schlechtes Stellungsspiel. #GERITA06		51.5136	7.4653
4.7.2018	22:50:40	 96' Scheibenschießen. Kehl aus 27 Metern. Trifft Materazzi am Kopf. Der Verteidiger geht zu Boden. Kann aber weitermachen. #GERITA06		51.5136	7.4653
4.7.2018	22:51:10	 97' Das Publikum wirkt nach dem Latten- und Pfostentreffer selbst etwas angeschlagen. Dabei bracht das Team seinen 12. Mann jetzt dringender als je zuvor. #GERITA06		51.5136	7.4653
4.7.2018	22:53:10	 99' Foul Canavaro an Poldi. Freistoß von der rechten Setie. 18 Meter zum Tor. #GERITA06		51.5136	7.4653
4.7.2018	22:54:10	 100' Schweinsteiger mit einem schwachen Freistoß. Die Italiener können den Ball aus der gefahrenzone köpfen. #GERITA06		51.5136	7.4653
4.7.2018	22:55:10	 101' Wieder ein langer Ball Italien. Lahm ist da. #GERITA06		51.5136	7.4653
4.7.2018	22:55:20	 101' Von Schweinsteiger und Odonkor war noch nichts zu sehen. #GERITA06		51.5136	7.4653
4.7.2018	22:56:10	 102' Pirlo aus 23 Metern. Drüber. Keine Gefahr. #GERITA06		51.5136	7.4653
4.7.2018	22:57:10	 103' Die Fans sind wieder da. "Steht auf, wenn ihr Deutsche seid." #GERITA06		51.5136	7.4653
4.7.2018	22:57:20	 103' Vereinzelte "Berlin"-Sprechchöre. #GERITA06		51.5136	7.4653
4.7.2018	22:57:30	 103' Zusammenstoß von Ballack und Iaquinta. Beide gehen zu Boden. #GERITA06		51.5136	7.4653
4.7.2018	22:57:40	 103' Ballack steht wieder. #GERITA06		51.5136	7.4653
4.7.2018	22:57:50	 103' Iaquinta jetzt auch. Beide müssen aber erst einmal raus. #GERITA06		51.5136	7.4653
4.7.2018	22:58:10	 104' Auswechslung bei Italien -> Simone Perrotta #GERITA06		51.5136	7.4653
4.7.2018	22:58:20	 104' Einwechslung bei Italien -> Alessandro Del Piero #GERITA06		51.5136	7.4653
4.7.2018	22:58:30	 104' Lippi wechselt mit Del Piero einen weiteren offensiven Spieler ein. Er will die Entscheidung in der Verlängerung. Italien ist bei Turnieren immer im Elfmeterschießen gescheitert. Deutschland immer weitergekommen. #GERITA06		51.5136	7.4653
4.7.2018	22:58:40	 104' Odonkor mit seiner ersten guten Szene gegen zwei Italiener. Doch Schweinsteiger erreicht seine Flanke nicht. #GERITA06		51.5136	7.4653
4.7.2018	22:59:10	 105' Flanke von rechts. Odonkor auf Poldi. Der mutterseelenallein. VORBEI! NEIN!!! #GERITA06		51.5136	7.4653
4.7.2018	22:59:20	 105' Ende 1. Halbzeit Verlängerung #GERITA06		51.5136	7.4653
4.7.2018	22:59:30	 105' Deutschland im Glück. Pfosten- und Lattentreffer für Italien. Da hätte schon alles vorbei sein können. #GERITA06		51.5136	7.4653
4.7.2018	23:00:10	 106' Anpfiff 2. Halbzeit Verlängerung #GERITA06		51.5136	7.4653
4.7.2018	23:00:20	 106' "Berlin, Berlin, wir fahren nach Berlin!" Die Fans geben immer wieder den Weg vor. Nach Stuttgart (Spiel um Platz 3) will niemand! #GERITA06		51.5136	7.4653
4.7.2018	23:01:10	 107' Eckball Deutschland. #GERITA06		51.5136	7.4653
4.7.2018	23:01:20	 107' Schweinsteiger. #GERITA06		51.5136	7.4653
4.7.2018	23:01:30	 107' Wieder geklärt. #GERITA06		51.5136	7.4653
4.7.2018	23:02:10	 108' Odonkor mit einem Katastrophenpass. #GERITA06		51.5136	7.4653
4.7.2018	23:02:20	 108' Konter der Italiener über Totti und Iaquinta. Odonkor selbst klärt im letzten Moment zur Ecke. #GERITA06		51.5136	7.4653
4.7.2018	23:02:30	 108' Lehmann ist da. #GERITA06		51.5136	7.4653
4.7.2018	23:02:40	 108' Odonkor flankt von rechts. Alle verpassen. Der Ball kommt zu Lahm. #GERITA06		51.5136	7.4653
4.7.2018	23:02:50	 108' Gleiche Position wie beim Tor gegen Costa Rica. #GERITA06		51.5136	7.4653
4.7.2018	23:03:00	 108' Drüber. #GERITA06		51.5136	7.4653
4.7.2018	23:03:10	 108' Lahm unglaublich stark heute Abend. #GERITA06		51.5136	7.4653
4.7.2018	23:03:10	 109' Neuville macht sich erneut bereit. Kommt er für Klose, der ausgepowert wirkt? #GERITA06		51.5136	7.4653
4.7.2018	23:05:10	 111' So ist es. #GERITA06		51.5136	7.4653
4.7.2018	23:05:20	 111' Auswechslung bei Deutschland -> Miroslav Klose #GERITA06		51.5136	7.4653
4.7.2018	23:05:30	 111' Einwechslung bei Deutschland -> Oliver Neuville #GERITA06		51.5136	7.4653
4.7.2018	23:05:40	 111' Del Piero hat den Ball. Drei Meter vorm Tor. Drehung. Lehmann ist da. #GERITA06		51.5136	7.4653
4.7.2018	23:06:10	 112' Gegenseite. Kehl spielt von rechts auf Poldi. der schießt aus 15 Metern. Glanzparade Buffon. Seine bisher beste Aktion. #GERITA06		51.5136	7.4653
4.7.2018	23:07:10	 113' Iaquinta flankt von rechts. Die Abwehr kann klären. Eckball. #GERITA06		51.5136	7.4653
4.7.2018	23:07:20	 113' Ballack klärt. #GERITA06		51.5136	7.4653
4.7.2018	23:08:10	 114' Iaquinta legt mit der Hacke auf Del Pierro. Links vorbei. #GERITA06		51.5136	7.4653
4.7.2018	23:08:20	 114' Spannender geht es nicht. Wer geht hier als Sieger vom Platz? #GERITA06		51.5136	7.4653
4.7.2018	23:09:10	 115' Die deutschen Fans melden sich wieder. Es war ruhig geworden. Zu groß die Anspannung. #GERITA06		51.5136	7.4653
4.7.2018	23:09:20	 115' Lippi und Klinsi stehen in den Coachingzonen und brüllen immer wieder Anweisungen rein. Beide wirken mitgenommen. #GERITA06		51.5136	7.4653
4.7.2018	23:10:10	 116' Odonkor mal mit einem Distanzschuß. Klar vorbei. #GERITA06		51.5136	7.4653
4.7.2018	23:12:10	 118' Pirlo mit einem super Schuß aus 19 Metern. Lehmann in der linken Ecke. Nur Eckball. #GERITA06		51.5136	7.4653
4.7.2018	23:13:10	 119' Tooor für Italien -> Fabio Grosso #GERITA06		51.5136	7.4653
4.7.2018	23:13:20	 119' Ecke an den 16er. Der Ball wird von Prilo auf Grosso gespielt. Der aus fünf Metern mit links ins lange Eck. Unhaltbar. #GERITA06		51.5136	7.4653
4.7.2018	23:13:30	 119' Jürgen Klinsmann treibt sein Team noch mal nach vorne. #GERITA06		51.5136	7.4653
4.7.2018	23:14:30	 120' Tooor für Italien -> Alessandro Del Piero #GERITA06		51.5136	7.4653
4.7.2018	23:15:00	 120' Konter der Italiener. Grosso passt links raus auf Del Pierro. Der alleine vor Lehmann. Aus sieben Metern mit rechts ins rechte Eck. Klasse Tor. #GERITA06		51.5136	7.4653
4.7.2018	23:15:30	 120' Das wars. #GERITA06		51.5136	7.4653
4.7.2018	23:16:00	 120' Spielende #GERITA06		51.5136	7.4653
4.7.2018	23:16:30	 120' Das war es. Schluß aus vorbei. Italien siegt 2:0. #GERITA06		51.5136	7.4653
4.7.2018	23:17:00	 120' Der Sieg der Italiener ist verdient. In der Verlängerung waren die Italiener das deutlich bessere Team und hat verdient gewonnen. So bitter es ist, das zuzugeben. #GERITA06		51.5136	7.4653
4.7.2018	23:17:30	 120' Die deutschen Spieler können erhobenen Hauptes nach Stuttgart fahren. Wer hätte vor der WM auf Deutschland gesetzt? Nun spielt das Team um Platz 3. Definitiv ein Erfolg. #GERITA06		51.5136	7.4653
4.7.2018	23:18:00	 120' Die Spieler stehen auf dem Platz. Man sieht ihnen die Enttäuschung an. Dennoch feiern die Fans. Nun müssen wir das Team unterstützen, um Dritter zu werden! #GERITA06		51.5136	7.4653
4.7.2018	23:18:30	 120' Wir wünschen noch einen schönen Abend. Trotz der Niederlage. Morgen findet das zweite Halbfinale statt. Dann spielen Frankreich udn Portugal um den Finaleinzug. Wir sind morgen ab 21 Uhr wieder für sie da. #GERITA06		51.5136	7.4653
